company,role,date_applied,listing_url,status
Zean Lithos And Company Private Limited,Financial Analyst,2026-03-05T02:00:44.771516,https://internshala.com/internship/detail/work-from-home-financial-analyst-internship-at-zean-lithos-and-company-private-limited1772514777,applied
DOI Soft Tech Private Limited,Android App Development,2026-03-05T02:00:56.048192,https://internshala.com/internship/detail/work-from-home-android-app-development-internship-at-doi-soft-tech-private-limited1772535675,applied
ConsultBae,Project Operations Associate – AI,2026-03-05T02:01:29.751965,https://internshala.com/internship/detail/work-from-home-project-operations-associate--ai-internship-at-consultbae1772441635,applied
Innoknowvex,Marketing Analyst,2026-03-05T02:01:52.201792,https://internshala.com/internship/detail/work-from-home-marketing-analyst-internship-at-innoknowvex1772449978,applied
GOOD DOPAMINE TECHNOLOGIES PRIVATE LIMITED,Lead Generation (Technical Role - W/ Web Scraping),2026-03-05T02:02:03.488935,https://internshala.com/internship/detail/work-from-home-lead-generation-technical-role-w-web-scraping-internship-at-good-dopamine-technologies-private-limited1772512927,applied
Brain Quest,Digital Marketing (SEO),2026-03-05T02:02:14.776388,https://internshala.com/internship/detail/work-from-home-digital-marketing-seo-internship-at-brain-quest1772534031,applied
DOI Soft Tech Private Limited,Android App Development,2026-03-05T02:12:08.607838,https://internshala.com/internship/detail/work-from-home-android-app-development-internship-at-doi-soft-tech-private-limited1772535675,applied
Pawzz,Data Analytics,2026-03-05T02:12:30.200278,https://internshala.com/internship/detail/work-from-home-data-analytics-internship-at-pawzz1772424377,applied
Primetrade.ai,AI Agent Development,2026-03-05T02:12:35.988380,https://internshala.com/internship/detail/work-from-home-ai-agent-development-internship-at-primetradeai1772422448,applied
GOOD DOPAMINE TECHNOLOGIES PRIVATE LIMITED,Lead Generation (Technical Role - W/ Web Scraping),2026-03-05T02:12:58.729959,https://internshala.com/internship/detail/work-from-home-lead-generation-technical-role-w-web-scraping-internship-at-good-dopamine-technologies-private-limited1772512927,applied
Namma Circle,React Native Development,2026-03-06T01:08:41.518508,https://internshala.com/internship/detail/work-from-home-react-native-development-internship-at-namma-circle1772730158,dry_run
Muncho Technologies Private Limited,Prompt Engineering,2026-03-06T01:12:40.251849,https://internshala.com/internship/detail/work-from-home-prompt-engineering-internship-at-muncho-technologies-private-limited1772684340,dry_run
Namaah Pvt Ltd,Platform/Video Systems Engineering,2026-03-06T01:12:41.228148,https://internshala.com/internship/detail/work-from-home-platform-video-systems-engineering-internship-at-namaah-pvt-ltd1772713827,dry_run
Namaah Pvt Ltd,Mobile App Developer,2026-03-06T01:12:42.245222,https://internshala.com/internship/detail/work-from-home-mobile-app-developer-internship-at-namaah-pvt-ltd1772709260,dry_run
Brain Quest,AI Content Creator,2026-03-06T01:12:43.243375,https://internshala.com/internship/detail/work-from-home-ai-content-creator-internship-at-brain-quest1772694286,dry_run
Resolute AI Software Private Limited,Technical Scrum Master,2026-03-06T01:12:44.333087,https://internshala.com/internship/detail/work-from-home-technical-scrum-master-internship-at-resolute-ai-software-private-limited1772697206,dry_run
Jarurat Care,HR Operations,2026-03-06T01:12:45.258389,https://internshala.com/internship/detail/work-from-home-hr-operations-internship-at-jarurat-care1772731414,dry_run
Resolute AI Software Private Limited,Flutter Development,2026-03-06T01:12:46.130562,https://internshala.com/internship/detail/work-from-home-flutter-development-internship-at-resolute-ai-software-private-limited1772697421,dry_run
OyeLabs,AI Automation,2026-03-06T01:12:47.292945,https://internshala.com/internship/detail/work-from-home-ai-automation-internship-at-oyelabs1772693754,dry_run
RPA Infotech Private Limited,Digital Marketing (LinkedIn),2026-03-06T01:12:48.120812,https://internshala.com/internship/detail/work-from-home-digital-marketing-linkedin-internship-at-rpa-infotech-private-limited1772622265,dry_run
Namma Circle,React Native Development,2026-03-06T01:12:48.991932,https://internshala.com/internship/detail/work-from-home-react-native-development-internship-at-namma-circle1772730158,dry_run
Talent Corner HR Services,Backend Engineer (AI Integration Bonus),2026-03-06T01:12:49.904184,https://internshala.com/internship/detail/backend-engineer-ai-integration-bonus-internship-in-mumbai-at-talent-corner-hr-services1772686851,dry_run
FynTune Solution Private Limited,Junior PHP Developer,2026-03-06T01:12:50.827746,https://internshala.com/internship/detail/junior-php-developer-internship-in-multiple-locations-at-fyntune-solution-private-limited1772693200,dry_run
TSTEPS PRIVATE LIMITED,Cloud Engineer,2026-03-06T01:12:51.828388,https://internshala.com/internship/detail/cloud-engineer-internship-in-multiple-locations-at-tsteps-private-limited1772535395,dry_run
"Pearl Lemon (London, United Kingdom)",Unity Programmer,2026-03-06T01:12:52.768420,https://internshala.com/internship/detail/work-from-home-part-time-unity-programmer-internship-at-pearl-lemon1772683487,dry_run
Wobot Intelligence Private Limited,Computer Vision,2026-03-06T01:12:53.644848,https://internshala.com/internship/detail/work-from-home-computer-vision-internship-at-wobot-intelligence-private-limited1772696995,dry_run
Voltare,Market Research,2026-03-06T01:12:54.642047,https://internshala.com/internship/detail/market-research-internship-in-chennai-at-voltare1770709784,dry_run
Resolute AI Software Private Limited,Technical Scrum Master,2026-03-06T01:15:35.415140,https://internshala.com/internship/detail/work-from-home-technical-scrum-master-internship-at-resolute-ai-software-private-limited1772697206,dry_run
Brain Quest,AI Content Creator,2026-03-06T01:15:36.059094,https://internshala.com/internship/detail/work-from-home-ai-content-creator-internship-at-brain-quest1772694286,dry_run
Namaah Pvt Ltd,Mobile App Developer,2026-03-06T01:15:36.808710,https://internshala.com/internship/detail/work-from-home-mobile-app-developer-internship-at-namaah-pvt-ltd1772709260,dry_run
Namaah Pvt Ltd,Platform/Video Systems Engineering,2026-03-06T01:15:37.468469,https://internshala.com/internship/detail/work-from-home-platform-video-systems-engineering-internship-at-namaah-pvt-ltd1772713827,dry_run
Resolute AI Software Private Limited,Flutter Development,2026-03-06T01:15:38.074444,https://internshala.com/internship/detail/work-from-home-flutter-development-internship-at-resolute-ai-software-private-limited1772697421,dry_run
Namma Circle,React Native Development,2026-03-06T01:15:38.708746,https://internshala.com/internship/detail/work-from-home-react-native-development-internship-at-namma-circle1772730158,dry_run
RPA Infotech Private Limited,Digital Marketing (LinkedIn),2026-03-06T01:15:39.335243,https://internshala.com/internship/detail/work-from-home-digital-marketing-linkedin-internship-at-rpa-infotech-private-limited1772622265,dry_run
Muncho Technologies Private Limited,Prompt Engineering,2026-03-06T01:15:40.029897,https://internshala.com/internship/detail/work-from-home-prompt-engineering-internship-at-muncho-technologies-private-limited1772684340,dry_run
OyeLabs,AI Automation,2026-03-06T01:15:40.683335,https://internshala.com/internship/detail/work-from-home-ai-automation-internship-at-oyelabs1772693754,dry_run
Jarurat Care,HR Operations,2026-03-06T01:15:41.341957,https://internshala.com/internship/detail/work-from-home-hr-operations-internship-at-jarurat-care1772731414,dry_run
Talent Corner HR Services,Backend Engineer (AI Integration Bonus),2026-03-06T01:15:42.035117,https://internshala.com/internship/detail/backend-engineer-ai-integration-bonus-internship-in-mumbai-at-talent-corner-hr-services1772686851,dry_run
FynTune Solution Private Limited,Junior PHP Developer,2026-03-06T01:15:42.965756,https://internshala.com/internship/detail/junior-php-developer-internship-in-multiple-locations-at-fyntune-solution-private-limited1772693200,dry_run
TSTEPS PRIVATE LIMITED,Cloud Engineer,2026-03-06T01:15:43.879574,https://internshala.com/internship/detail/cloud-engineer-internship-in-multiple-locations-at-tsteps-private-limited1772535395,dry_run
"Pearl Lemon (London, United Kingdom)",Unity Programmer,2026-03-06T01:15:44.690249,https://internshala.com/internship/detail/work-from-home-part-time-unity-programmer-internship-at-pearl-lemon1772683487,dry_run
Wobot Intelligence Private Limited,Computer Vision,2026-03-06T01:15:45.293777,https://internshala.com/internship/detail/work-from-home-computer-vision-internship-at-wobot-intelligence-private-limited1772696995,dry_run
Voltare,Market Research,2026-03-06T01:15:45.948106,https://internshala.com/internship/detail/market-research-internship-in-chennai-at-voltare1770709784,dry_run
Random Groups Of Companies,Data Science,2026-03-06T01:15:46.617448,https://internshala.com/internship/detail/part-time-data-science-internship-in-chennai-at-random-groups-of-companies1772696799,dry_run
Arsh Academy,Performance Marketer,2026-03-06T01:15:47.243715,https://internshala.com/internship/detail/work-from-home-performance-marketer-internship-at-arsh-academy1772703703,dry_run
Art Noob Studio,2D Game Artist (Character/Environemnt),2026-03-06T01:15:47.965433,https://internshala.com/internship/detail/work-from-home-2d-game-artist-character-environemnt-internship-at-art-noob-studio1772700597,dry_run
Scyara Manufacturers And Traders Private Limited,Product Management,2026-03-06T01:15:48.666919,https://internshala.com/internship/detail/work-from-home-product-management-internship-at-scyara-manufacturers-and-traders-private-limited1772693188,dry_run
Kritikal Hire,Marketing and Business Development,2026-03-06T01:15:49.522644,https://internshala.com/internship/detail/marketing-and-business-development-internship-in-thane-at-kritikal-hire1772700120,dry_run
Tailored Paw,AI Talking Object Video Creator (English),2026-03-06T01:15:50.210835,https://internshala.com/internship/detail/work-from-home-ai-talking-object-video-creator-english-internship-at-tailored-paw1772693899,dry_run
RankSecure,Sales - Partner & Channel,2026-03-06T01:15:51.156859,https://internshala.com/internship/detail/sales-partner-channel-internship-in-multiple-locations-at-ranksecure1772686103,dry_run
NTT DATA,Network Engineering,2026-03-06T01:15:51.832806,https://internshala.com/internship/detail/work-from-home-network-engineering-internship-at-ntt-data1772682266,dry_run
Vakilsearch Legal Solutions Private Limited,Digital Marketing & Influencer,2026-03-06T01:15:52.682052,https://internshala.com/internship/detail/digital-marketing-influencer-internship-in-chennai-at-vakilsearch-legal-solutions-private-limited1772625349,dry_run
Diary Entry Io,SEO Outreach Specialist,2026-03-06T01:15:53.397667,https://internshala.com/internship/detail/work-from-home-seo-outreach-specialist-internship-at-diary-entry-io1772625211,dry_run
Rank Revenue Digitech,WordPress Development,2026-03-06T01:15:54.097909,https://internshala.com/internship/detail/work-from-home-wordpress-development-internship-at-rank-revenue-digitech1772616419,dry_run
The Funkydelic Store,AI Image Creator & Graphic Design,2026-03-06T01:15:54.823180,https://internshala.com/internship/detail/work-from-home-ai-image-creator-graphic-design-internship-at-the-funkydelic-store1772623292,dry_run
Himalayan Junglee,Digital Marketing,2026-03-06T01:15:55.471446,https://internshala.com/internship/detail/work-from-home-digital-marketing-internship-at-himalayan-junglee1772622526,dry_run
Techqueto LLP,PHP Development,2026-03-06T01:15:56.073615,https://internshala.com/internship/detail/work-from-home-php-development-internship-at-techqueto-llp1772601890,dry_run
Flipside Systems & Consultancy Private Limited,Social Media Marketing,2026-03-06T01:15:56.768140,https://internshala.com/internship/detail/social-media-marketing-internship-in-mumbai-at-flipside-systems-consultancy-private-limited1772607523,dry_run
Inspiring Wave DigiTech Private Limited,Digital Marketing,2026-03-06T01:15:57.458900,https://internshala.com/internship/detail/work-from-home-digital-marketing-internship-at-inspiring-wave-digitech-private-limited1772603175,dry_run
ManMa Digital,Founders Office,2026-03-06T01:15:58.104604,https://internshala.com/internship/detail/work-from-home-part-time-founders-office-internship-at-manma-digital1772602260,dry_run
Oculosense Ai Devices,Mobile App Developer,2026-03-06T01:15:58.795435,https://internshala.com/internship/detail/work-from-home-mobile-app-developer-internship-at-oculosense-ai-devices1772602195,dry_run
GoHappy Club,Virtual Event Manager,2026-03-06T01:15:59.473371,https://internshala.com/internship/detail/work-from-home-virtual-event-manager-internship-at-gohappy-club1772600105,dry_run
GOOD DOPAMINE TECHNOLOGIES PRIVATE LIMITED,Lead Generation (Technical Role - W/ Web Scraping),2026-03-06T01:16:00.111903,https://internshala.com/internship/detail/work-from-home-lead-generation-technical-role-w-web-scraping-internship-at-good-dopamine-technologies-private-limited1772512927,dry_run
Scribbld Social,Social Media Marketing,2026-03-06T01:16:00.802141,https://internshala.com/internship/detail/social-media-marketing-internship-in-multiple-locations-at-scribbld-social1772185958,dry_run
Lumel Technologies,Rust Developer,2026-03-06T01:16:01.468434,https://internshala.com/internship/detail/rust-developer-internship-in-chennai-at-lumel-technologies1772106318,dry_run
Tech Phoenix,Data Engineer Intern,2026-03-06T01:16:03.017560,https://click.appcast.io/t/5E8zW_zciiahrWvV8og6Dckkl8RLtPxL-lAzvProJBIhWFO5C7ZZipMrYTTfzpVHswWUEMrpdE1L-auAddoziw==,dry_run
Zetheta Algorithms Private Limited,Data Science Intern,2026-03-06T01:16:03.453201,https://click.appcast.io/t/7TCS-0fiNE6sfWtCzMXFAvUxqKHNSqhC6OGCNb0YypPQnjuiTpc8EAI9ObbJ_qp_dDv4E3d8m28-8C84npdG5Q==,dry_run
Zetheta Algorithms Private Limited,Artificial Intelligence Intern,2026-03-06T01:16:03.864499,https://click.appcast.io/t/YJDA6EHfgyOFWbTwobOtImYbY1ZXx38O50Z7REvoIEvItppid_azKLuT3rIoUbajdWxs4uwXfhSlavgDnvqoTg==,dry_run
Profitcast Growth Marketing Agency,Performance Marketing Fresher,2026-03-06T01:16:04.278496,https://click.appcast.io/t/ivunX8VGrrk9mwfHA0SWm8hxRZZxaBygkwNKn4-l1z5RV4ugEMEqnm-HEnzA6F7FnnPqvW-WRSPpxvpXIvQbXg==,dry_run
Zorvyn,Data Analyst Intern,2026-03-06T01:16:04.693095,https://click.appcast.io/t/IjPYzq5vrsondWA1-MQA_n_3bF4lwPHjkM_LDZftsxCWI12e_zzfdIAWgDzgGYEhm8n0wHZ25z6beFTo9kfEVw==,dry_run
Auraverse,Frontend Engineering Intern (React),2026-03-06T01:16:05.098776,https://click.appcast.io/t/YUR6pPDNiaZGY-InZ9HDrtHGPM8J0EQd7LJG5TCbYCcS0G_2frV5Lc4p6ug0FU63B9tbnM36Rk_bUCwzP-kqtA==,dry_run
Turning Red Media,Content Operation Intern,2026-03-06T01:16:05.586744,https://click.appcast.io/t/_CxTwSyoVIrNjFw7BkNcmCpZ9tipz9I8HZTNOlNAYUFRhm9mUPrGDHm5EyyYztS2Po1GuTggGB8iqTxyXDxuEA==,dry_run
Ishtva Technologies,Software Development Engineering (Web),2026-03-06T01:16:06.474989,https://internshala.com/internship/detail/work-from-home-software-development-engineering-web-internship-at-ishtva-technologies1772722636,dry_run
Chef Pixel India Private Limited,Software Development,2026-03-06T01:16:07.171508,https://internshala.com/internship/detail/work-from-home-software-development-internship-at-chef-pixel-india-private-limited1772714534,dry_run
Yerite Services,Android App Development,2026-03-06T01:16:07.888193,https://internshala.com/internship/detail/work-from-home-android-app-development-internship-at-yerite-services1772710035,dry_run
Shigora,Web Development,2026-03-06T01:16:08.557379,https://internshala.com/internship/detail/work-from-home-web-development-internship-at-shigora1772716039,dry_run
Namaah Pvt Ltd,Data & Analytics Engineering,2026-03-06T01:16:09.141682,https://internshala.com/internship/detail/work-from-home-data-analytics-engineering-internship-at-namaah-pvt-ltd1772713592,dry_run
